{
  "mcpServers": {
    "real-estate-mls": {
      "command": "npx",
      "args": ["-y", "@modelcontextprotocol/server-mls"],
      "env": {
        "MLS_API_KEY": "YOUR_MLS_API_KEY",
        "MLS_LOGIN_URL": "https://api.northstarmls.com",
        "COVERAGE_AREA": "twin_cities_metro"
      }
    },
    "zillow-data": {
      "command": "npx", 
      "args": ["-y", "@modelcontextprotocol/server-zillow"],
      "env": {
        "RAPID_API_KEY": "YOUR_RAPIDAPI_KEY",
        "ZILLOW_API_ENDPOINT": "https://zillow-com1.p.rapidapi.com"
      }
    },
    "demographics-census": {
      "command": "npx",
      "args": ["-y", "@modelcontextprotocol/server-census"],
      "env": {
        "CENSUS_API_KEY": "YOUR_CENSUS_API_KEY",
        "DEFAULT_STATE": "MN",
        "DEFAULT_METRO": "Minneapolis-St.Paul-Bloomington"
      }
    },
    "crime-safety": {
      "command": "npx",
      "args": ["-y", "@modelcontextprotocol/server-crimereports"],
      "env": {
        "CRIME_API_KEY": "YOUR_CRIME_API_KEY",
        "JURISDICTION": "minneapolis,st_paul,golden_valley"
      }
    },
    "schools-greatschools": {
      "command": "npx",
      "args": ["-y", "@modelcontextprotocol/server-schools"],
      "env": {
        "GREATSCHOOLS_API_KEY": "YOUR_GREATSCHOOLS_KEY",
        "STATE_CODE": "MN"
      }
    },
    "investment-calculator": {
      "command": "npx",
      "args": ["-y", "@modelcontextprotocol/server-investment"],
      "env": {
        "RENTAL_DATA_API": "YOUR_RENTAL_API_KEY",
        "TAX_RATE_API": "YOUR_TAX_API_KEY"
      }
    }
  }
}