{
  "name": "chris-deutsch-real-estate",
  "version": 2,
  "framework": "nextjs",
  "env": {
    "ELEVENLABS_API_KEY": "@elevenlabs-api-key",
    "ELEVENLABS_VOICE_ID": "@elevenlabs-voice-id",
    "HEYGEN_API_KEY": "@heygen-api-key",
    "HEYGEN_MONTHLY_BUDGET": "40",
    "HEYGEN_VIDEO_LIMIT": "10",
    "NODE_ENV": "production"
  },
  "build": {
    "env": {
      "ELEVENLABS_API_KEY": "@elevenlabs-api-key",
      "ELEVENLABS_VOICE_ID": "@elevenlabs-voice-id",
      "HEYGEN_API_KEY": "@heygen-api-key"
    }
  },
  "functions": {
    "app/api/voice/route.ts": {
      "maxDuration": 30
    },
    "app/api/heygen/route.ts": {
      "maxDuration": 60
    }
  }
}